{
  "JP": {
    "JP23": "23",
    "JP05": "05",
    "JP02": "02",
    "JP12": "12",
    "JP38": "38",
    "JP18": "18",
    "JP40": "40",
    "JP07": "07",
    "JP21": "21",
    "JP10": "10",
    "JP34": "34",
    "JP01": "01",
    "JP28": "28",
    "JP08": "08",
    "JP17": "17",
    "JP03": "03",
    "JP37": "37",
    "JP46": "46",
    "JP14": "14",
    "JP39": "39",
    "JP43": "43",
    "JP26": "26",
    "JP24": "24",
    "JP04": "04",
    "JP45": "45",
    "JP20": "20",
    "JP42": "42",
    "JP29": "29",
    "JP15": "15",
    "JP44": "44",
    "JP33": "33",
    "JP47": "47",
    "JP27": "27",
    "JP41": "41",
    "JP11": "11",
    "JP25": "25",
    "JP32": "32",
    "JP22": "22",
    "JP09": "09",
    "JP36": "36",
    "JP13": "13",
    "JP31": "31",
    "JP16": "16",
    "JP30": "30",
    "JP06": "06",
    "JP35": "35",
    "JP19": "19"
  },

  "MX": {
    "DF": "CMX",
    "JA": "JAL",
    "NL": "NLE",
    "AG": "AGU",
    "BC": "BCN",
    "BS": "BCS",
    "CM": "CAM",
    "CS": "CHP",
    "CH": "CHH",
    "CO": "COA",
    "CL": "COL",
    "DG": "DUR",
    "GT": "GUA",
    "GR": "GRO",
    "HG": "HID",
    "MX": "MEX",
    "MI": "MIC",
    "MO": "MOR",
    "NA": "NAY",
    "OA": "OAX",
    "PU": "PUE",
    "QT": "QUE",
    "QR": "ROO",
    "SL": "SLP",
    "SI": "SIN",
    "SO": "SON",
    "TB": "TAB",
    "TM": "TAM",
    "TL": "TLA",
    "VE": "VER",
    "YU": "YUC",
    "ZA": "ZAC"
  },

  "TH": {
    "TH-37": "37",
    "TH-15": "15",
    "TH-10": "10",
    "TH-38": "38",
    "TH-31": "31",
    "TH-24": "24",
    "TH-18": "18",
    "TH-36": "36",
    "TH-22": "22",
    "TH-50": "50",
    "TH-57": "57",
    "TH-20": "20",
    "TH-86": "86",
    "TH-46": "46",
    "TH-62": "62",
    "TH-71": "71",
    "TH-40": "40",
    "TH-81": "81",
    "TH-52": "52",
    "TH-51": "51",
    "TH-42": "42",
    "TH-16": "16",
    "TH-58": "58",
    "TH-44": "44",
    "TH-49": "49",
    "TH-26": "26",
    "TH-73": "73",
    "TH-48": "48",
    "TH-30": "30",
    "TH-60": "60",
    "TH-80": "80",
    "TH-55": "55",
    "TH-96": "96",
    "TH-39": "39",
    "TH-43": "43",
    "TH-12": "12",
    "TH-13": "13",
    "TH-94": "94",
    "TH-82": "82",
    "TH-93": "93",
    "TH-S": "S",
    "TH-56": "56",
    "TH-67": "67",
    "TH-76": "76",
    "TH-66": "66",
    "TH-65": "65",
    "TH-14": "14",
    "TH-54": "54",
    "TH-83": "83",
    "TH-25": "25",
    "TH-77": "77",
    "TH-85": "85",
    "TH-70": "70",
    "TH-21": "21",
    "TH-45": "45",
    "TH-27": "27",
    "TH-47": "47",
    "TH-11": "11",
    "TH-74": "74",
    "TH-75": "75",
    "TH-19": "19",
    "TH-91": "91",
    "TH-33": "33",
    "TH-17": "17",
    "TH-90": "90",
    "TH-64": "64",
    "TH-72": "72",
    "TH-84": "84",
    "TH-32": "32",
    "TH-63": "63",
    "TH-92": "92",
    "TH-23": "23",
    "TH-34": "34",
    "TH-41": "41",
    "TH-61": "61",
    "TH-53": "53",
    "TH-95": "95",
    "TH-35": "35"
  }
}